event,datetime,exception
API request from r/nfl began,2021-04-26 01:01:00,
Request complete: 1,2021-04-26 01:01:04,
Request complete: 2,2021-04-26 01:01:06,
Request complete: 3,2021-04-26 01:01:08,
Request complete: 4,2021-04-26 01:01:15,
Request complete: 5,2021-04-26 01:01:19,
Request complete: 6,2021-04-26 01:01:24,
Request complete: 7,2021-04-26 01:01:33,
Request complete: 8,2021-04-26 01:01:35,
Request complete: 9,2021-04-26 01:01:37,
Request complete: 10,2021-04-26 01:01:39,
Request complete: 11,2021-04-26 01:01:41,
Request complete: 12,2021-04-26 01:01:46,
Request complete: 13,2021-04-26 01:01:47,
Request complete: 14,2021-04-26 01:01:49,
Request complete: 15,2021-04-26 01:01:50,
Request complete: 16,2021-04-26 01:01:52,
Request complete: 17,2021-04-26 01:01:53,
Request complete: 18,2021-04-26 01:02:00,
Request complete: 19,2021-04-26 01:02:01,
Request complete: 20,2021-04-26 01:02:04,
Request complete: 21,2021-04-26 01:02:05,
Request complete: 22,2021-04-26 01:02:08,
Request complete: 23,2021-04-26 01:02:09,
Request complete: 24,2021-04-26 01:02:18,
Request complete: 25,2021-04-26 01:02:21,
Request complete: 26,2021-04-26 01:02:36,
Request complete: 27,2021-04-26 01:02:41,
Request complete: 28,2021-04-26 01:02:44,
Request complete: 29,2021-04-26 01:02:49,
Request complete: 30,2021-04-26 01:02:51,
Request complete: 31,2021-04-26 01:02:53,
Request complete: 32,2021-04-26 01:02:55,
Request complete: 33,2021-04-26 01:02:56,
Request complete: 34,2021-04-26 01:02:58,
Request complete: 35,2021-04-26 01:03:03,
Request complete: 36,2021-04-26 01:03:05,
Request complete: 37,2021-04-26 01:03:07,
Request complete: 38,2021-04-26 01:03:08,
Request complete: 39,2021-04-26 01:03:10,
Request complete: 40,2021-04-26 01:03:12,
Request complete: 41,2021-04-26 01:03:14,
Request complete: 42,2021-04-26 01:03:26,
Request complete: 43,2021-04-26 01:03:28,
Request complete: 44,2021-04-26 01:03:29,
REQUEST FAILED: 45,2021-04-26 01:03:45,Expecting value: line 1 column 1 (char 0)
Request complete: 46,2021-04-26 01:03:46,
Request complete: 47,2021-04-26 01:03:52,
Request complete: 48,2021-04-26 01:03:53,
Request complete: 49,2021-04-26 01:03:54,
Request complete: 50,2021-04-26 01:03:56,
Request complete: 51,2021-04-26 01:03:56,
Request complete: 52,2021-04-26 01:03:58,
Request complete: 53,2021-04-26 01:04:00,
Request complete: 54,2021-04-26 01:04:02,
Request complete: 55,2021-04-26 01:04:14,
Request complete: 56,2021-04-26 01:04:17,
Request complete: 57,2021-04-26 01:04:19,
Request complete: 58,2021-04-26 01:04:27,
Request complete: 59,2021-04-26 01:04:29,
Request complete: 60,2021-04-26 01:04:31,
Request complete: 61,2021-04-26 01:04:33,
Request complete: 62,2021-04-26 01:04:34,
Request complete: 63,2021-04-26 01:04:41,
Request complete: 64,2021-04-26 01:04:43,
Request complete: 65,2021-04-26 01:04:44,
Request complete: 66,2021-04-26 01:04:46,
Request complete: 67,2021-04-26 01:04:48,
Request complete: 68,2021-04-26 01:04:49,
Request complete: 69,2021-04-26 01:04:50,
Request complete: 70,2021-04-26 01:04:58,
Request complete: 71,2021-04-26 01:05:00,
Request complete: 72,2021-04-26 01:05:02,
Request complete: 73,2021-04-26 01:05:04,
Request complete: 74,2021-04-26 01:05:06,
Request complete: 75,2021-04-26 01:05:07,
Request complete: 76,2021-04-26 01:05:15,
Request complete: 77,2021-04-26 01:05:17,
Request complete: 78,2021-04-26 01:05:19,
Request complete: 79,2021-04-26 01:05:20,
Request complete: 80,2021-04-26 01:05:22,
Request complete: 81,2021-04-26 01:05:24,
Request complete: 82,2021-04-26 01:05:31,
Request complete: 83,2021-04-26 01:05:32,
Request complete: 84,2021-04-26 01:05:34,
Request complete: 85,2021-04-26 01:05:36,
Request complete: 86,2021-04-26 01:05:39,
Request complete: 87,2021-04-26 01:05:40,
Request complete: 88,2021-04-26 01:05:47,
Request complete: 89,2021-04-26 01:05:48,
Request complete: 90,2021-04-26 01:05:50,
Request complete: 91,2021-04-26 01:05:51,
Request complete: 92,2021-04-26 01:05:52,
Request complete: 93,2021-04-26 01:05:53,
Request complete: 94,2021-04-26 01:05:54,
Request complete: 95,2021-04-26 01:05:56,
Request complete: 96,2021-04-26 01:05:57,
Request complete: 97,2021-04-26 01:06:02,
Request complete: 98,2021-04-26 01:06:04,
Request complete: 99,2021-04-26 01:06:05,
Request complete: 100,2021-04-26 01:06:08,
Request complete: 101,2021-04-26 01:06:09,
Request complete: 102,2021-04-26 01:06:11,
Request complete: 103,2021-04-26 01:06:19,
Request complete: 104,2021-04-26 01:06:25,
Request complete: 105,2021-04-26 01:06:27,
Request complete: 106,2021-04-26 01:06:29,
Request complete: 107,2021-04-26 01:06:36,
Request complete: 108,2021-04-26 01:06:38,
Request complete: 109,2021-04-26 01:06:39,
Request complete: 110,2021-04-26 01:06:41,
Request complete: 111,2021-04-26 01:06:43,
Request complete: 112,2021-04-26 01:06:45,
Request complete: 113,2021-04-26 01:06:46,
Request complete: 114,2021-04-26 01:06:53,
Request complete: 115,2021-04-26 01:06:57,
Request complete: 116,2021-04-26 01:06:59,
Request complete: 117,2021-04-26 01:07:01,
Request complete: 118,2021-04-26 01:07:09,
Request complete: 119,2021-04-26 01:07:10,
Request complete: 120,2021-04-26 01:07:12,
Request complete: 121,2021-04-26 01:07:13,
Request complete: 122,2021-04-26 01:07:14,
Request complete: 123,2021-04-26 01:07:16,
Request complete: 124,2021-04-26 01:07:17,
Request complete: 125,2021-04-26 01:07:27,
Request complete: 126,2021-04-26 01:07:29,
Request complete: 127,2021-04-26 01:07:30,
Request complete: 128,2021-04-26 01:07:32,
Request complete: 129,2021-04-26 01:07:34,
Request complete: 130,2021-04-26 01:07:42,
Request complete: 131,2021-04-26 01:07:44,
Request complete: 132,2021-04-26 01:07:47,
Request complete: 133,2021-04-26 01:07:48,
Request complete: 134,2021-04-26 01:07:51,
Request complete: 135,2021-04-26 01:07:59,
Request complete: 136,2021-04-26 01:08:00,
Request complete: 137,2021-04-26 01:08:02,
Request complete: 138,2021-04-26 01:08:03,
Request complete: 139,2021-04-26 01:08:04,
Request complete: 140,2021-04-26 01:08:05,
Request complete: 141,2021-04-26 01:08:06,
Request complete: 142,2021-04-26 01:08:13,
Request complete: 143,2021-04-26 01:08:15,
Request complete: 144,2021-04-26 01:08:16,
Request complete: 145,2021-04-26 01:08:18,
Request complete: 146,2021-04-26 01:08:20,
Request complete: 147,2021-04-26 01:08:22,
Request complete: 148,2021-04-26 01:08:31,
Request complete: 149,2021-04-26 01:08:35,
Request complete: 150,2021-04-26 01:08:36,
Request complete: 151,2021-04-26 01:08:37,
Request complete: 152,2021-04-26 01:08:38,
Request complete: 153,2021-04-26 01:08:40,
Request complete: 154,2021-04-26 01:08:48,
Request complete: 155,2021-04-26 01:08:49,
Request complete: 156,2021-04-26 01:08:51,
Request complete: 157,2021-04-26 01:08:52,
Request complete: 158,2021-04-26 01:08:53,
Request complete: 159,2021-04-26 01:08:55,
Request complete: 160,2021-04-26 01:09:02,
Request complete: 161,2021-04-26 01:09:04,
Request complete: 162,2021-04-26 01:09:06,
Request complete: 163,2021-04-26 01:09:07,
Request complete: 164,2021-04-26 01:09:10,
Request complete: 165,2021-04-26 01:09:11,
Request complete: 166,2021-04-26 01:09:19,
Request complete: 167,2021-04-26 01:09:21,
Request complete: 168,2021-04-26 01:09:22,
Request complete: 169,2021-04-26 01:09:24,
Request complete: 170,2021-04-26 01:09:25,
Request complete: 171,2021-04-26 01:09:27,
Request complete: 172,2021-04-26 01:09:28,
Request complete: 173,2021-04-26 01:09:36,
Request complete: 174,2021-04-26 01:09:38,
Request complete: 175,2021-04-26 01:09:39,
Request complete: 176,2021-04-26 01:09:41,
Request complete: 177,2021-04-26 01:09:42,
Request complete: 178,2021-04-26 01:09:44,
Request complete: 179,2021-04-26 01:09:51,
Request complete: 180,2021-04-26 01:09:52,
Request complete: 181,2021-04-26 01:09:55,
Request complete: 182,2021-04-26 01:09:56,
Request complete: 183,2021-04-26 01:09:57,
Request complete: 184,2021-04-26 01:09:59,
Request complete: 185,2021-04-26 01:10:00,
Request complete: 186,2021-04-26 01:10:07,
Request complete: 187,2021-04-26 01:10:09,
Request complete: 188,2021-04-26 01:10:10,
Request complete: 189,2021-04-26 01:10:11,
Request complete: 190,2021-04-26 01:10:13,
Request complete: 191,2021-04-26 01:10:15,
Request complete: 192,2021-04-26 01:10:23,
Request complete: 193,2021-04-26 01:10:26,
Request complete: 194,2021-04-26 01:10:28,
Request complete: 195,2021-04-26 01:10:30,
Request complete: 196,2021-04-26 01:10:31,
Request complete: 197,2021-04-26 01:10:32,
Request complete: 198,2021-04-26 01:10:40,
Request complete: 199,2021-04-26 01:10:41,
Request complete: 200,2021-04-26 01:10:42,
Request complete: 201,2021-04-26 01:10:44,
Request complete: 202,2021-04-26 01:10:45,
Request complete: 203,2021-04-26 01:10:47,
Request complete: 204,2021-04-26 01:10:48,
Request complete: 205,2021-04-26 01:10:55,
Request complete: 206,2021-04-26 01:10:56,
Request complete: 207,2021-04-26 01:10:58,
Request complete: 208,2021-04-26 01:10:59,
Request complete: 209,2021-04-26 01:11:00,
Request complete: 210,2021-04-26 01:11:02,
Request complete: 211,2021-04-26 01:11:03,
Request complete: 212,2021-04-26 01:11:06,
Request complete: 213,2021-04-26 01:11:15,
Request complete: 214,2021-04-26 01:11:16,
Request complete: 215,2021-04-26 01:11:18,
Request complete: 216,2021-04-26 01:11:20,
Request complete: 217,2021-04-26 01:11:30,
Request complete: 218,2021-04-26 01:11:31,
Request complete: 219,2021-04-26 01:11:33,
Request complete: 220,2021-04-26 01:11:35,
Request complete: 221,2021-04-26 01:11:37,
Request complete: 222,2021-04-26 01:11:46,
Request complete: 223,2021-04-26 01:11:47,
Request complete: 224,2021-04-26 01:11:50,
Request complete: 225,2021-04-26 01:11:51,
Request complete: 226,2021-04-26 01:11:53,
Request complete: 227,2021-04-26 01:12:01,
Request complete: 228,2021-04-26 01:12:03,
Request complete: 229,2021-04-26 01:12:06,
Request complete: 230,2021-04-26 01:12:07,
Request complete: 231,2021-04-26 01:12:09,
Request complete: 232,2021-04-26 01:12:10,
Request complete: 233,2021-04-26 01:12:16,
Request complete: 234,2021-04-26 01:12:17,
Request complete: 235,2021-04-26 01:12:19,
Request complete: 236,2021-04-26 01:12:21,
Request complete: 237,2021-04-26 01:12:22,
Request complete: 238,2021-04-26 01:12:24,
Request complete: 239,2021-04-26 01:12:25,
Request complete: 240,2021-04-26 01:12:33,
Request complete: 241,2021-04-26 01:12:36,
Request complete: 242,2021-04-26 01:12:38,
Request complete: 243,2021-04-26 01:12:39,
Request complete: 244,2021-04-26 01:12:40,
Request complete: 245,2021-04-26 01:12:42,
Request complete: 246,2021-04-26 01:12:50,
Request complete: 247,2021-04-26 01:12:52,
Request complete: 248,2021-04-26 01:12:54,
Request complete: 249,2021-04-26 01:12:56,
Request complete: 250,2021-04-26 01:12:57,
Request complete: 251,2021-04-26 01:13:07,
Request complete: 252,2021-04-26 01:13:09,
Request complete: 253,2021-04-26 01:13:10,
Request complete: 254,2021-04-26 01:13:12,
Request complete: 255,2021-04-26 01:13:14,
Request complete: 256,2021-04-26 01:13:21,
Request complete: 257,2021-04-26 01:13:22,
Request complete: 258,2021-04-26 01:13:24,
Request complete: 259,2021-04-26 01:13:26,
Request complete: 260,2021-04-26 01:13:28,
Request complete: 261,2021-04-26 01:13:29,
Request complete: 262,2021-04-26 01:13:37,
Request complete: 263,2021-04-26 01:13:39,
Request complete: 264,2021-04-26 01:13:41,
Request complete: 265,2021-04-26 01:13:42,
Request complete: 266,2021-04-26 01:13:43,
Request complete: 267,2021-04-26 01:13:45,
Request complete: 268,2021-04-26 01:13:47,
Request complete: 269,2021-04-26 01:13:56,
Request complete: 270,2021-04-26 01:13:58,
Request complete: 271,2021-04-26 01:13:59,
Request complete: 272,2021-04-26 01:14:01,
Request complete: 273,2021-04-26 01:14:03,
Request complete: 274,2021-04-26 01:14:12,
Request complete: 275,2021-04-26 01:14:13,
Request complete: 276,2021-04-26 01:14:15,
Request complete: 277,2021-04-26 01:14:17,
Request complete: 278,2021-04-26 01:14:19,
Request complete: 279,2021-04-26 01:14:26,
Request complete: 280,2021-04-26 01:14:28,
Request complete: 281,2021-04-26 01:14:29,
Request complete: 282,2021-04-26 01:14:31,
Request complete: 283,2021-04-26 01:14:33,
Request complete: 284,2021-04-26 01:14:43,
Request complete: 285,2021-04-26 01:14:44,
Request complete: 286,2021-04-26 01:14:46,
Request complete: 287,2021-04-26 01:14:48,
Request complete: 288,2021-04-26 01:14:50,
Request complete: 289,2021-04-26 01:14:58,
Request complete: 290,2021-04-26 01:15:00,
Request complete: 291,2021-04-26 01:15:02,
Request complete: 292,2021-04-26 01:15:04,
Request complete: 293,2021-04-26 01:15:06,
Request complete: 294,2021-04-26 01:15:07,
Request complete: 295,2021-04-26 01:15:16,
Request complete: 296,2021-04-26 01:15:18,
Request complete: 297,2021-04-26 01:15:20,
Request complete: 298,2021-04-26 01:15:22,
Request complete: 299,2021-04-26 01:15:30,
Request complete: 300,2021-04-26 01:15:32,
Request complete: 301,2021-04-26 01:15:34,
Request complete: 302,2021-04-26 01:15:36,
Request complete: 303,2021-04-26 01:15:38,
Request complete: 304,2021-04-26 01:15:47,
Request complete: 305,2021-04-26 01:15:50,
Request complete: 306,2021-04-26 01:15:52,
Request complete: 307,2021-04-26 01:15:54,
Request complete: 308,2021-04-26 01:16:02,
Request complete: 309,2021-04-26 01:16:04,
Request complete: 310,2021-04-26 01:16:06,
Request complete: 311,2021-04-26 01:16:08,
Request complete: 312,2021-04-26 01:16:09,
Request complete: 313,2021-04-26 01:16:10,
Request complete: 314,2021-04-26 01:16:18,
Request complete: 315,2021-04-26 01:16:20,
Request complete: 316,2021-04-26 01:16:22,
Request complete: 317,2021-04-26 01:16:23,
Request complete: 318,2021-04-26 01:16:25,
Request complete: 319,2021-04-26 01:16:27,
Request complete: 320,2021-04-26 01:16:34,
Request complete: 321,2021-04-26 01:16:35,
Request complete: 322,2021-04-26 01:16:37,
Request complete: 323,2021-04-26 01:16:38,
Request complete: 324,2021-04-26 01:16:40,
Request complete: 325,2021-04-26 01:16:42,
Request complete: 326,2021-04-26 01:16:43,
Request complete: 327,2021-04-26 01:16:50,
Request complete: 328,2021-04-26 01:16:52,
Request complete: 329,2021-04-26 01:16:55,
Request complete: 330,2021-04-26 01:16:57,
Request complete: 331,2021-04-26 01:16:58,
Request complete: 332,2021-04-26 01:17:06,
Request complete: 333,2021-04-26 01:17:08,
Request complete: 334,2021-04-26 01:17:10,
Request complete: 335,2021-04-26 01:17:11,
Request complete: 336,2021-04-26 01:17:13,
Request complete: 337,2021-04-26 01:17:15,
Request complete: 338,2021-04-26 01:17:23,
Request complete: 339,2021-04-26 01:17:25,
Request complete: 340,2021-04-26 01:17:28,
Request complete: 341,2021-04-26 01:17:30,
Request complete: 342,2021-04-26 01:17:31,
Request complete: 343,2021-04-26 01:17:40,
Request complete: 344,2021-04-26 01:17:41,
Request complete: 345,2021-04-26 01:17:43,
Request complete: 346,2021-04-26 01:17:44,
Request complete: 347,2021-04-26 01:17:46,
Request complete: 348,2021-04-26 01:17:47,
Request complete: 349,2021-04-26 01:17:54,
Request complete: 350,2021-04-26 01:17:55,
Request complete: 351,2021-04-26 01:17:57,
Request complete: 352,2021-04-26 01:17:58,
Request complete: 353,2021-04-26 01:17:59,
Request complete: 354,2021-04-26 01:18:00,
Request complete: 355,2021-04-26 01:18:02,
Request complete: 356,2021-04-26 01:18:11,
Request complete: 357,2021-04-26 01:18:13,
Request complete: 358,2021-04-26 01:18:14,
Request complete: 359,2021-04-26 01:18:16,
Request complete: 360,2021-04-26 01:18:17,
Request complete: 361,2021-04-26 01:18:19,
Request complete: 362,2021-04-26 01:18:26,
Request complete: 363,2021-04-26 01:18:28,
Request complete: 364,2021-04-26 01:18:29,
Request complete: 365,2021-04-26 01:18:31,
Request complete: 366,2021-04-26 01:18:32,
Request complete: 367,2021-04-26 01:18:33,
Request complete: 368,2021-04-26 01:18:35,
Request complete: 369,2021-04-26 01:18:42,
Request complete: 370,2021-04-26 01:18:44,
Request complete: 371,2021-04-26 01:18:46,
Request complete: 372,2021-04-26 01:18:49,
Request complete: 373,2021-04-26 01:18:53,
Request complete: 374,2021-04-26 01:19:03,
Request complete: 375,2021-04-26 01:19:05,
Request complete: 376,2021-04-26 01:19:08,
Request complete: 377,2021-04-26 01:19:14,
Request complete: 378,2021-04-26 01:19:16,
Request complete: 379,2021-04-26 01:19:17,
Request complete: 380,2021-04-26 01:19:19,
Request complete: 381,2021-04-26 01:19:21,
Request complete: 382,2021-04-26 01:19:28,
Request complete: 383,2021-04-26 01:19:29,
Request complete: 384,2021-04-26 01:19:31,
Request complete: 385,2021-04-26 01:19:32,
Request complete: 386,2021-04-26 01:19:34,
Request complete: 387,2021-04-26 01:19:36,
Request complete: 388,2021-04-26 01:19:37,
Request complete: 389,2021-04-26 01:19:38,
Request complete: 390,2021-04-26 01:19:47,
Request complete: 391,2021-04-26 01:19:49,
Request complete: 392,2021-04-26 01:19:51,
Request complete: 393,2021-04-26 01:19:52,
Request complete: 394,2021-04-26 01:19:54,
Request complete: 395,2021-04-26 01:19:55,
Request complete: 396,2021-04-26 01:20:04,
Request complete: 397,2021-04-26 01:20:05,
Request complete: 398,2021-04-26 01:20:07,
Request complete: 399,2021-04-26 01:20:09,
Request complete: 400,2021-04-26 01:20:11,
Request complete: 401,2021-04-26 01:20:18,
Request complete: 402,2021-04-26 01:20:20,
Request complete: 403,2021-04-26 01:20:21,
Request complete: 404,2021-04-26 01:20:22,
Request complete: 405,2021-04-26 01:20:24,
Request complete: 406,2021-04-26 01:20:26,
Request complete: 407,2021-04-26 01:20:27,
Request complete: 408,2021-04-26 01:20:36,
Request complete: 409,2021-04-26 01:20:38,
Request complete: 410,2021-04-26 01:20:39,
Request complete: 411,2021-04-26 01:20:41,
Request complete: 412,2021-04-26 01:20:49,
Request complete: 413,2021-04-26 01:20:50,
Request complete: 414,2021-04-26 01:20:52,
Request complete: 415,2021-04-26 01:20:54,
Request complete: 416,2021-04-26 01:20:55,
Request complete: 417,2021-04-26 01:20:56,
Request complete: 418,2021-04-26 01:20:58,
Request complete: 419,2021-04-26 01:21:00,
Request complete: 420,2021-04-26 01:21:07,
Request complete: 421,2021-04-26 01:21:09,
Request complete: 422,2021-04-26 01:21:11,
Request complete: 423,2021-04-26 01:21:13,
Request complete: 424,2021-04-26 01:21:15,
Request complete: 425,2021-04-26 01:21:23,
Request complete: 426,2021-04-26 01:21:25,
Request complete: 427,2021-04-26 01:21:27,
Request complete: 428,2021-04-26 01:21:29,
Request complete: 429,2021-04-26 01:21:30,
Request complete: 430,2021-04-26 01:21:32,
Request complete: 431,2021-04-26 01:21:42,
Request complete: 432,2021-04-26 01:21:44,
Request complete: 433,2021-04-26 01:21:45,
Request complete: 434,2021-04-26 01:21:47,
Request complete: 435,2021-04-26 01:21:56,
Request complete: 436,2021-04-26 01:21:58,
Request complete: 437,2021-04-26 01:22:00,
Request complete: 438,2021-04-26 01:22:01,
Request complete: 439,2021-04-26 01:22:03,
Request complete: 440,2021-04-26 01:22:11,
Request complete: 441,2021-04-26 01:22:13,
Request complete: 442,2021-04-26 01:22:15,
Request complete: 443,2021-04-26 01:22:17,
Request complete: 444,2021-04-26 01:22:18,
Request complete: 445,2021-04-26 01:22:28,
Request complete: 446,2021-04-26 01:22:30,
Request complete: 447,2021-04-26 01:22:31,
Request complete: 448,2021-04-26 01:22:33,
Request complete: 449,2021-04-26 01:22:35,
Request complete: 450,2021-04-26 01:22:45,
Request complete: 451,2021-04-26 01:22:46,
Request complete: 452,2021-04-26 01:22:48,
Request complete: 453,2021-04-26 01:22:50,
Request complete: 454,2021-04-26 01:22:57,
Request complete: 455,2021-04-26 01:22:59,
Request complete: 456,2021-04-26 01:23:00,
Request complete: 457,2021-04-26 01:23:02,
Request complete: 458,2021-04-26 01:23:03,
Request complete: 459,2021-04-26 01:23:05,
Request complete: 460,2021-04-26 01:23:07,
Request complete: 461,2021-04-26 01:23:14,
Request complete: 462,2021-04-26 01:23:16,
Request complete: 463,2021-04-26 01:23:18,
Request complete: 464,2021-04-26 01:23:19,
Request complete: 465,2021-04-26 01:23:21,
Request complete: 466,2021-04-26 01:23:23,
Request complete: 467,2021-04-26 01:23:32,
Request complete: 468,2021-04-26 01:23:34,
Request complete: 469,2021-04-26 01:23:35,
Request complete: 470,2021-04-26 01:23:37,
Request complete: 471,2021-04-26 01:23:39,
Request complete: 472,2021-04-26 01:23:46,
Request complete: 473,2021-04-26 01:23:48,
Request complete: 474,2021-04-26 01:23:50,
Request complete: 475,2021-04-26 01:23:52,
Request complete: 476,2021-04-26 01:23:53,
Request complete: 477,2021-04-26 01:23:55,
Request complete: 478,2021-04-26 01:24:04,
Request complete: 479,2021-04-26 01:24:07,
Request complete: 480,2021-04-26 01:24:09,
Request complete: 481,2021-04-26 01:24:11,
Request complete: 482,2021-04-26 01:24:18,
Request complete: 483,2021-04-26 01:24:20,
Request complete: 484,2021-04-26 01:24:22,
Request complete: 485,2021-04-26 01:24:24,
Request complete: 486,2021-04-26 01:24:25,
Request complete: 487,2021-04-26 01:24:27,
Request complete: 488,2021-04-26 01:24:36,
Request complete: 489,2021-04-26 01:24:38,
Request complete: 490,2021-04-26 01:24:39,
Request complete: 491,2021-04-26 01:24:40,
Request complete: 492,2021-04-26 01:24:42,
Request complete: 493,2021-04-26 01:24:49,
Request complete: 494,2021-04-26 01:24:50,
Request complete: 495,2021-04-26 01:24:52,
Request complete: 496,2021-04-26 01:24:54,
Request complete: 497,2021-04-26 01:24:55,
Request complete: 498,2021-04-26 01:24:56,
Request complete: 499,2021-04-26 01:25:03,
Request complete: 500,2021-04-26 01:25:04,
Request complete: 501,2021-04-26 01:25:06,
Request complete: 502,2021-04-26 01:25:08,
Request complete: 503,2021-04-26 01:25:10,
Request complete: 504,2021-04-26 01:25:12,
Request complete: 505,2021-04-26 01:25:13,
Request complete: 506,2021-04-26 01:25:21,
Request complete: 507,2021-04-26 01:25:23,
Request complete: 508,2021-04-26 01:25:24,
Request complete: 509,2021-04-26 01:25:26,
Request complete: 510,2021-04-26 01:25:28,
Request complete: 511,2021-04-26 01:25:37,
Request complete: 512,2021-04-26 01:25:39,
Request complete: 513,2021-04-26 01:25:40,
Request complete: 514,2021-04-26 01:25:42,
Request complete: 515,2021-04-26 01:25:44,
Request complete: 516,2021-04-26 01:25:45,
Request complete: 517,2021-04-26 01:25:52,
Request complete: 518,2021-04-26 01:25:53,
Request complete: 519,2021-04-26 01:25:55,
Request complete: 520,2021-04-26 01:25:57,
Request complete: 521,2021-04-26 01:25:59,
Request complete: 522,2021-04-26 01:26:05,
Request complete: 523,2021-04-26 01:26:06,
Request complete: 524,2021-04-26 01:26:08,
Request complete: 525,2021-04-26 01:26:10,
Request complete: 526,2021-04-26 01:26:12,
Request complete: 527,2021-04-26 01:26:13,
Request complete: 528,2021-04-26 01:26:15,
Request complete: 529,2021-04-26 01:26:24,
Request complete: 530,2021-04-26 01:26:26,
Request complete: 531,2021-04-26 01:26:27,
Request complete: 532,2021-04-26 01:26:29,
Request complete: 533,2021-04-26 01:26:36,
Request complete: 534,2021-04-26 01:26:38,
Request complete: 535,2021-04-26 01:26:40,
Request complete: 536,2021-04-26 01:26:42,
Request complete: 537,2021-04-26 01:26:44,
Request complete: 538,2021-04-26 01:26:45,
Request complete: 539,2021-04-26 01:26:53,
Request complete: 540,2021-04-26 01:26:55,
Request complete: 541,2021-04-26 01:26:56,
Request complete: 542,2021-04-26 01:26:58,
Request complete: 543,2021-04-26 01:26:59,
Request complete: 544,2021-04-26 01:27:00,
Request complete: 545,2021-04-26 01:27:06,
Request complete: 546,2021-04-26 01:27:08,
Request complete: 547,2021-04-26 01:27:09,
Request complete: 548,2021-04-26 01:27:10,
Request complete: 549,2021-04-26 01:27:12,
Request complete: 550,2021-04-26 01:27:14,
Request complete: 551,2021-04-26 01:27:16,
Request complete: 552,2021-04-26 01:27:25,
Request complete: 553,2021-04-26 01:27:27,
Request complete: 554,2021-04-26 01:27:28,
Request complete: 555,2021-04-26 01:27:29,
Request complete: 556,2021-04-26 01:27:31,
Request complete: 557,2021-04-26 01:27:37,
Request complete: 558,2021-04-26 01:27:39,
Request complete: 559,2021-04-26 01:27:41,
Request complete: 560,2021-04-26 01:27:42,
Request complete: 561,2021-04-26 01:27:44,
Request complete: 562,2021-04-26 01:27:45,
Request complete: 563,2021-04-26 01:27:52,
Request complete: 564,2021-04-26 01:27:54,
Request complete: 565,2021-04-26 01:27:56,
Request complete: 566,2021-04-26 01:27:57,
Request complete: 567,2021-04-26 01:27:59,
Request complete: 568,2021-04-26 01:28:00,
Request complete: 569,2021-04-26 01:28:02,
Request complete: 570,2021-04-26 01:28:08,
Request complete: 571,2021-04-26 01:28:09,
Request complete: 572,2021-04-26 01:28:11,
Request complete: 573,2021-04-26 01:28:12,
Request complete: 574,2021-04-26 01:28:14,
Request complete: 575,2021-04-26 01:28:16,
Request complete: 576,2021-04-26 01:28:23,
Request complete: 577,2021-04-26 01:28:25,
Request complete: 578,2021-04-26 01:28:27,
Request complete: 579,2021-04-26 01:28:28,
Request complete: 580,2021-04-26 01:28:29,
Request complete: 581,2021-04-26 01:28:31,
Request complete: 582,2021-04-26 01:28:32,
Request complete: 583,2021-04-26 01:28:38,
Request complete: 584,2021-04-26 01:28:40,
Request complete: 585,2021-04-26 01:28:41,
Request complete: 586,2021-04-26 01:28:42,
Request complete: 587,2021-04-26 01:28:44,
Request complete: 588,2021-04-26 01:28:45,
Request complete: 589,2021-04-26 01:28:47,
Request complete: 590,2021-04-26 01:28:54,
Request complete: 591,2021-04-26 01:28:56,
Request complete: 592,2021-04-26 01:28:57,
Request complete: 593,2021-04-26 01:28:59,
Request complete: 594,2021-04-26 01:29:01,
Request complete: 595,2021-04-26 01:29:03,
Request complete: 596,2021-04-26 01:29:09,
Request complete: 597,2021-04-26 01:29:10,
Request complete: 598,2021-04-26 01:29:12,
Request complete: 599,2021-04-26 01:29:14,
Request complete: 600,2021-04-26 01:29:15,
Request complete: 601,2021-04-26 01:29:17,
Request complete: 602,2021-04-26 01:29:24,
Request complete: 603,2021-04-26 01:29:26,
Request complete: 604,2021-04-26 01:29:27,
Request complete: 605,2021-04-26 01:29:29,
Request complete: 606,2021-04-26 01:29:30,
Request complete: 607,2021-04-26 01:29:31,
Request complete: 608,2021-04-26 01:29:32,
Request complete: 609,2021-04-26 01:29:33,
Request complete: 610,2021-04-26 01:29:40,
Request complete: 611,2021-04-26 01:29:41,
Request complete: 612,2021-04-26 01:29:43,
Request complete: 613,2021-04-26 01:29:45,
Request complete: 614,2021-04-26 01:29:46,
Request complete: 615,2021-04-26 01:29:48,
Request complete: 616,2021-04-26 01:29:50,
Request complete: 617,2021-04-26 01:29:58,
Request complete: 618,2021-04-26 01:29:59,
Request complete: 619,2021-04-26 01:30:01,
Request complete: 620,2021-04-26 01:30:03,
Request complete: 621,2021-04-26 01:30:10,
Request complete: 622,2021-04-26 01:30:13,
Request complete: 623,2021-04-26 01:30:15,
Request complete: 624,2021-04-26 01:30:16,
Request complete: 625,2021-04-26 01:30:18,
Request complete: 626,2021-04-26 01:30:20,
Request complete: 627,2021-04-26 01:30:29,
Request complete: 628,2021-04-26 01:30:30,
Request complete: 629,2021-04-26 01:30:32,
Request complete: 630,2021-04-26 01:30:33,
Request complete: 631,2021-04-26 01:30:35,
Request complete: 632,2021-04-26 01:30:41,
Request complete: 633,2021-04-26 01:30:43,
Request complete: 634,2021-04-26 01:30:44,
Request complete: 635,2021-04-26 01:30:45,
Request complete: 636,2021-04-26 01:30:47,
Request complete: 637,2021-04-26 01:30:49,
Request complete: 638,2021-04-26 01:30:56,
Request complete: 639,2021-04-26 01:30:57,
Request complete: 640,2021-04-26 01:30:59,
Request complete: 641,2021-04-26 01:31:01,
Request complete: 642,2021-04-26 01:31:03,
Request complete: 643,2021-04-26 01:31:04,
Request complete: 644,2021-04-26 01:31:05,
Request complete: 645,2021-04-26 01:31:11,
Request complete: 646,2021-04-26 01:31:13,
Request complete: 647,2021-04-26 01:31:14,
Request complete: 648,2021-04-26 01:31:15,
Request complete: 649,2021-04-26 01:31:17,
Request complete: 650,2021-04-26 01:31:19,
Request complete: 651,2021-04-26 01:31:20,
Request complete: 652,2021-04-26 01:31:26,
Request complete: 653,2021-04-26 01:31:28,
Request complete: 654,2021-04-26 01:31:30,
Request complete: 655,2021-04-26 01:31:31,
Request complete: 656,2021-04-26 01:31:32,
Request complete: 657,2021-04-26 01:31:34,
Request complete: 658,2021-04-26 01:31:35,
Request complete: 659,2021-04-26 01:31:42,
Request complete: 660,2021-04-26 01:31:44,
Request complete: 661,2021-04-26 01:31:45,
Request complete: 662,2021-04-26 01:31:47,
Request complete: 663,2021-04-26 01:31:48,
Request complete: 664,2021-04-26 01:31:50,
Request complete: 665,2021-04-26 01:31:51,
Request complete: 666,2021-04-26 01:31:57,
Request complete: 667,2021-04-26 01:31:59,
Request complete: 668,2021-04-26 01:32:00,
Request complete: 669,2021-04-26 01:32:02,
Request complete: 670,2021-04-26 01:32:03,
Request complete: 671,2021-04-26 01:32:05,
Request complete: 672,2021-04-26 01:32:06,
Request complete: 673,2021-04-26 01:32:12,
Request complete: 674,2021-04-26 01:32:14,
Request complete: 675,2021-04-26 01:32:15,
Request complete: 676,2021-04-26 01:32:17,
Request complete: 677,2021-04-26 01:32:18,
Request complete: 678,2021-04-26 01:32:19,
Request complete: 679,2021-04-26 01:32:20,
Request complete: 680,2021-04-26 01:32:22,
Request complete: 681,2021-04-26 01:32:28,
Request complete: 682,2021-04-26 01:32:30,
Request complete: 683,2021-04-26 01:32:32,
Request complete: 684,2021-04-26 01:32:34,
Request complete: 685,2021-04-26 01:32:35,
Request complete: 686,2021-04-26 01:32:37,
Request complete: 687,2021-04-26 01:32:44,
Request complete: 688,2021-04-26 01:32:45,
Request complete: 689,2021-04-26 01:32:46,
Request complete: 690,2021-04-26 01:32:48,
Request complete: 691,2021-04-26 01:32:50,
Request complete: 692,2021-04-26 01:32:51,
Request complete: 693,2021-04-26 01:32:53,
Request complete: 694,2021-04-26 01:33:02,
Request complete: 695,2021-04-26 01:33:04,
Request complete: 696,2021-04-26 01:33:06,
Request complete: 697,2021-04-26 01:33:07,
Request complete: 698,2021-04-26 01:33:15,
Request complete: 699,2021-04-26 01:33:17,
Request complete: 700,2021-04-26 01:33:18,
Request complete: 701,2021-04-26 01:33:20,
Request complete: 702,2021-04-26 01:33:21,
Request complete: 703,2021-04-26 01:33:22,
Request complete: 704,2021-04-26 01:33:24,
Request complete: 705,2021-04-26 01:33:33,
Request complete: 706,2021-04-26 01:33:34,
Request complete: 707,2021-04-26 01:33:36,
Request complete: 708,2021-04-26 01:33:38,
Request complete: 709,2021-04-26 01:33:45,
Request complete: 710,2021-04-26 01:33:47,
Request complete: 711,2021-04-26 01:33:48,
Request complete: 712,2021-04-26 01:33:50,
Request complete: 713,2021-04-26 01:33:51,
Request complete: 714,2021-04-26 01:33:53,
Request complete: 715,2021-04-26 01:33:54,
Request complete: 716,2021-04-26 01:34:00,
Request complete: 717,2021-04-26 01:34:04,
Request complete: 718,2021-04-26 01:34:06,
Request complete: 719,2021-04-26 01:34:08,
Request complete: 720,2021-04-26 01:34:16,
Request complete: 721,2021-04-26 01:34:18,
Request complete: 722,2021-04-26 01:34:19,
Request complete: 723,2021-04-26 01:34:20,
Request complete: 724,2021-04-26 01:34:21,
Request complete: 725,2021-04-26 01:34:22,
Request complete: 726,2021-04-26 01:34:24,
Request complete: 727,2021-04-26 01:34:30,
Request complete: 728,2021-04-26 01:34:32,
Request complete: 729,2021-04-26 01:34:34,
Request complete: 730,2021-04-26 01:34:36,
Request complete: 731,2021-04-26 01:34:37,
Request complete: 732,2021-04-26 01:34:39,
Request complete: 733,2021-04-26 01:34:46,
Request complete: 734,2021-04-26 01:34:47,
Request complete: 735,2021-04-26 01:34:48,
Request complete: 736,2021-04-26 01:34:50,
Request complete: 737,2021-04-26 01:34:51,
Request complete: 738,2021-04-26 01:34:52,
Request complete: 739,2021-04-26 01:34:54,
Request complete: 740,2021-04-26 01:35:01,
Request complete: 741,2021-04-26 01:35:02,
Request complete: 742,2021-04-26 01:35:04,
Request complete: 743,2021-04-26 01:35:06,
Request complete: 744,2021-04-26 01:35:08,
Request complete: 745,2021-04-26 01:35:09,
Request complete: 746,2021-04-26 01:35:16,
Request complete: 747,2021-04-26 01:35:17,
Request complete: 748,2021-04-26 01:35:18,
Request complete: 749,2021-04-26 01:35:20,
Request complete: 750,2021-04-26 01:35:21,
Request complete: 751,2021-04-26 01:35:23,
Request complete: 752,2021-04-26 01:35:24,
Request complete: 753,2021-04-26 01:35:32,
Request complete: 754,2021-04-26 01:35:33,
Request complete: 755,2021-04-26 01:35:35,
Request complete: 756,2021-04-26 01:35:36,
Request complete: 757,2021-04-26 01:35:37,
Request complete: 758,2021-04-26 01:35:39,
Request complete: 759,2021-04-26 01:35:41,
Request complete: 760,2021-04-26 01:35:46,
Request complete: 761,2021-04-26 01:35:48,
Request complete: 762,2021-04-26 01:35:50,
Request complete: 763,2021-04-26 01:35:51,
Request complete: 764,2021-04-26 01:35:52,
Request complete: 765,2021-04-26 01:35:53,
Request complete: 766,2021-04-26 01:35:55,
Request complete: 767,2021-04-26 01:36:01,
Request complete: 768,2021-04-26 01:36:03,
Request complete: 769,2021-04-26 01:36:05,
Request complete: 770,2021-04-26 01:36:06,
Request complete: 771,2021-04-26 01:36:07,
Request complete: 772,2021-04-26 01:36:09,
Request complete: 773,2021-04-26 01:36:11,
Request complete: 774,2021-04-26 01:36:17,
Request complete: 775,2021-04-26 01:36:20,
Request complete: 776,2021-04-26 01:36:21,
Request complete: 777,2021-04-26 01:36:23,
Request complete: 778,2021-04-26 01:36:24,
Request complete: 779,2021-04-26 01:36:26,
Request complete: 780,2021-04-26 01:36:32,
Request complete: 781,2021-04-26 01:36:33,
Request complete: 782,2021-04-26 01:36:35,
Request complete: 783,2021-04-26 01:36:36,
Request complete: 784,2021-04-26 01:36:38,
Request complete: 785,2021-04-26 01:36:39,
Request complete: 786,2021-04-26 01:36:41,
Request complete: 787,2021-04-26 01:36:49,
Request complete: 788,2021-04-26 01:36:51,
Request complete: 789,2021-04-26 01:36:52,
Request complete: 790,2021-04-26 01:36:53,
Request complete: 791,2021-04-26 01:36:54,
Request complete: 792,2021-04-26 01:36:55,
Request complete: 793,2021-04-26 01:36:57,
Request complete: 794,2021-04-26 01:37:03,
Request complete: 795,2021-04-26 01:37:04,
Request complete: 796,2021-04-26 01:37:06,
Request complete: 797,2021-04-26 01:37:07,
Request complete: 798,2021-04-26 01:37:08,
Request complete: 799,2021-04-26 01:37:10,
Request complete: 800,2021-04-26 01:37:11,
Request complete: 801,2021-04-26 01:37:12,
Request complete: 802,2021-04-26 01:37:18,
Request complete: 803,2021-04-26 01:37:19,
Request complete: 804,2021-04-26 01:37:21,
Request complete: 805,2021-04-26 01:37:22,
Request complete: 806,2021-04-26 01:37:24,
Request complete: 807,2021-04-26 01:37:26,
Request complete: 808,2021-04-26 01:37:27,
Request complete: 809,2021-04-26 01:37:36,
Request complete: 810,2021-04-26 01:37:38,
Request complete: 811,2021-04-26 01:37:39,
Request complete: 812,2021-04-26 01:37:41,
Request complete: 813,2021-04-26 01:37:49,
Request complete: 814,2021-04-26 01:37:51,
Request complete: 815,2021-04-26 01:37:53,
Request complete: 816,2021-04-26 01:37:55,
Request complete: 817,2021-04-26 01:37:56,
Request complete: 818,2021-04-26 01:37:58,
Request complete: 819,2021-04-26 01:38:04,
Request complete: 820,2021-04-26 01:38:05,
Request complete: 821,2021-04-26 01:38:07,
Request complete: 822,2021-04-26 01:38:09,
Request complete: 823,2021-04-26 01:38:10,
Request complete: 824,2021-04-26 01:38:11,
Request complete: 825,2021-04-26 01:38:13,
Request complete: 826,2021-04-26 01:38:19,
Request complete: 827,2021-04-26 01:38:20,
Request complete: 828,2021-04-26 01:38:22,
Request complete: 829,2021-04-26 01:38:23,
Request complete: 830,2021-04-26 01:38:25,
Request complete: 831,2021-04-26 01:38:26,
Request complete: 832,2021-04-26 01:38:33,
Request complete: 833,2021-04-26 01:38:34,
Request complete: 834,2021-04-26 01:38:36,
Request complete: 835,2021-04-26 01:38:37,
Request complete: 836,2021-04-26 01:38:38,
Request complete: 837,2021-04-26 01:38:40,
Request complete: 838,2021-04-26 01:38:41,
Request complete: 839,2021-04-26 01:38:43,
Request complete: 840,2021-04-26 01:38:51,
Request complete: 841,2021-04-26 01:38:52,
Request complete: 842,2021-04-26 01:38:54,
Request complete: 843,2021-04-26 01:38:55,
Request complete: 844,2021-04-26 01:38:56,
Request complete: 845,2021-04-26 01:38:57,
Request complete: 846,2021-04-26 01:38:58,
Request complete: 847,2021-04-26 01:39:05,
Request complete: 848,2021-04-26 01:39:06,
Request complete: 849,2021-04-26 01:39:08,
Request complete: 850,2021-04-26 01:39:10,
Request complete: 851,2021-04-26 01:39:12,
Request complete: 852,2021-04-26 01:39:13,
Request complete: 853,2021-04-26 01:39:15,
Request complete: 854,2021-04-26 01:39:21,
Request complete: 855,2021-04-26 01:39:22,
Request complete: 856,2021-04-26 01:39:24,
Request complete: 857,2021-04-26 01:39:26,
Request complete: 858,2021-04-26 01:39:27,
Request complete: 859,2021-04-26 01:39:28,
Request complete: 860,2021-04-26 01:39:29,
Request complete: 861,2021-04-26 01:39:36,
Request complete: 862,2021-04-26 01:39:38,
Request complete: 863,2021-04-26 01:39:39,
Request complete: 864,2021-04-26 01:39:40,
Request complete: 865,2021-04-26 01:39:42,
Request complete: 866,2021-04-26 01:39:44,
Request complete: 867,2021-04-26 01:39:45,
Request complete: 868,2021-04-26 01:39:52,
Request complete: 869,2021-04-26 01:39:54,
Request complete: 870,2021-04-26 01:39:55,
Request complete: 871,2021-04-26 01:39:58,
Request complete: 872,2021-04-26 01:39:59,
Request complete: 873,2021-04-26 01:40:01,
Request complete: 874,2021-04-26 01:40:07,
Request complete: 875,2021-04-26 01:40:08,
Request complete: 876,2021-04-26 01:40:09,
Request complete: 877,2021-04-26 01:40:11,
Request complete: 878,2021-04-26 01:40:12,
Request complete: 879,2021-04-26 01:40:14,
Request complete: 880,2021-04-26 01:40:15,
Request complete: 881,2021-04-26 01:40:22,
Request complete: 882,2021-04-26 01:40:25,
Request complete: 883,2021-04-26 01:40:26,
Request complete: 884,2021-04-26 01:40:28,
Request complete: 885,2021-04-26 01:40:29,
Request complete: 886,2021-04-26 01:40:31,
Request complete: 887,2021-04-26 01:40:38,
Request complete: 888,2021-04-26 01:40:39,
Request complete: 889,2021-04-26 01:40:40,
Request complete: 890,2021-04-26 01:40:42,
Request complete: 891,2021-04-26 01:40:43,
Request complete: 892,2021-04-26 01:40:45,
Request complete: 893,2021-04-26 01:40:46,
Request complete: 894,2021-04-26 01:40:53,
Request complete: 895,2021-04-26 01:40:55,
Request complete: 896,2021-04-26 01:40:57,
Request complete: 897,2021-04-26 01:40:59,
Request complete: 898,2021-04-26 01:41:00,
Request complete: 899,2021-04-26 01:41:02,
Request complete: 900,2021-04-26 01:41:09,
Request complete: 901,2021-04-26 01:41:10,
Request complete: 902,2021-04-26 01:41:11,
Request complete: 903,2021-04-26 01:41:12,
Request complete: 904,2021-04-26 01:41:13,
Request complete: 905,2021-04-26 01:41:15,
Request complete: 906,2021-04-26 01:41:16,
Request complete: 907,2021-04-26 01:41:23,
Request complete: 908,2021-04-26 01:41:25,
Request complete: 909,2021-04-26 01:41:27,
Request complete: 910,2021-04-26 01:41:29,
Request complete: 911,2021-04-26 01:41:30,
Request complete: 912,2021-04-26 01:41:32,
Request complete: 913,2021-04-26 01:41:33,
Request complete: 914,2021-04-26 01:41:39,
Request complete: 915,2021-04-26 01:41:40,
Request complete: 916,2021-04-26 01:41:42,
Request complete: 917,2021-04-26 01:41:43,
Request complete: 918,2021-04-26 01:41:45,
Request complete: 919,2021-04-26 01:41:46,
Request complete: 920,2021-04-26 01:41:48,
Request complete: 921,2021-04-26 01:41:54,
Request complete: 922,2021-04-26 01:41:57,
Request complete: 923,2021-04-26 01:41:59,
Request complete: 924,2021-04-26 01:42:07,
Request complete: 925,2021-04-26 01:42:16,
Request complete: 926,2021-04-26 01:42:20,
Request complete: 927,2021-04-26 01:42:25,
Request complete: 928,2021-04-26 01:42:27,
Request complete: 929,2021-04-26 01:42:28,
Request complete: 930,2021-04-26 01:42:30,
Request complete: 931,2021-04-26 01:42:32,
Request complete: 932,2021-04-26 01:42:33,
Request complete: 933,2021-04-26 01:42:38,
Request complete: 934,2021-04-26 01:42:39,
Request complete: 935,2021-04-26 01:42:41,
Request complete: 936,2021-04-26 01:42:42,
Request complete: 937,2021-04-26 01:42:43,
Request complete: 938,2021-04-26 01:42:44,
Request complete: 939,2021-04-26 01:42:46,
Request complete: 940,2021-04-26 01:42:53,
Request complete: 941,2021-04-26 01:42:55,
Request complete: 942,2021-04-26 01:42:56,
Request complete: 943,2021-04-26 01:42:58,
Request complete: 944,2021-04-26 01:43:00,
Request complete: 945,2021-04-26 01:43:01,
Request complete: 946,2021-04-26 01:43:09,
Request complete: 947,2021-04-26 01:43:11,
Request complete: 948,2021-04-26 01:43:12,
Request complete: 949,2021-04-26 01:43:14,
Request complete: 950,2021-04-26 01:43:15,
Request complete: 951,2021-04-26 01:43:16,
Request complete: 952,2021-04-26 01:43:17,
Request complete: 953,2021-04-26 01:43:24,
Request complete: 954,2021-04-26 01:43:26,
Request complete: 955,2021-04-26 01:43:28,
Request complete: 956,2021-04-26 01:43:29,
Request complete: 957,2021-04-26 01:43:30,
Request complete: 958,2021-04-26 01:43:31,
Request complete: 959,2021-04-26 01:43:33,
Request complete: 960,2021-04-26 01:43:40,
Request complete: 961,2021-04-26 01:43:41,
Request complete: 962,2021-04-26 01:43:42,
Request complete: 963,2021-04-26 01:43:44,
Request complete: 964,2021-04-26 01:43:45,
Request complete: 965,2021-04-26 01:43:47,
Request complete: 966,2021-04-26 01:43:48,
Request complete: 967,2021-04-26 01:43:55,
Request complete: 968,2021-04-26 01:43:57,
Request complete: 969,2021-04-26 01:43:59,
Request complete: 970,2021-04-26 01:44:04,
Request complete: 971,2021-04-26 01:44:14,
REQUEST FAILED: 972,2021-04-26 01:44:24,Expecting value: line 1 column 1 (char 0)
Request complete: 973,2021-04-26 01:44:35,
Request complete: 974,2021-04-26 01:44:39,
Request complete: 975,2021-04-26 01:44:41,
Request complete: 976,2021-04-26 01:44:42,
Request complete: 977,2021-04-26 01:44:44,
Request complete: 978,2021-04-26 01:44:46,
Request complete: 979,2021-04-26 01:44:47,
Request complete: 980,2021-04-26 01:44:50,
Request complete: 981,2021-04-26 01:45:02,
Request complete: 982,2021-04-26 01:45:12,
REQUEST FAILED: 983,2021-04-26 01:45:25,Expecting value: line 1 column 1 (char 0)
Request complete: 984,2021-04-26 01:45:30,
Request complete: 985,2021-04-26 01:45:34,
Request complete: 986,2021-04-26 01:45:35,
Request complete: 987,2021-04-26 01:45:37,
Request complete: 988,2021-04-26 01:45:39,
Request complete: 989,2021-04-26 01:45:42,
Request complete: 990,2021-04-26 01:45:46,
Request complete: 991,2021-04-26 01:45:59,
Request complete: 992,2021-04-26 01:46:04,
Request complete: 993,2021-04-26 01:46:06,
Request complete: 994,2021-04-26 01:46:08,
Request complete: 995,2021-04-26 01:46:10,
Request complete: 996,2021-04-26 01:46:14,
Request complete: 997,2021-04-26 01:46:15,
Request complete: 998,2021-04-26 01:46:17,
Request complete: 999,2021-04-26 01:46:19,
Request complete: 1000,2021-04-26 01:46:21,
r/nfl data files saved to output folder,2021-04-26 01:46:35,
